{"cameraMode":{"drawMode":0,"name":"Shaded","section":"Shading Mode"},"sceneLighting":true,"audioPlay":false,"sceneViewState":{"m_AlwaysRefresh":false,"showFog":true,"showSkybox":true,"showFlares":true,"showImageEffects":true,"showParticleSystems":true,"showVisualEffectGraphs":true,"m_FxEnabled":true},"in2DMode":false,"pivot":{"x":33.23393630981445,"y":-2.449199676513672,"z":19.464691162109376},"rotation":{"x":0.3724668323993683,"y":0.33887121081352236,"z":-0.14829200506210328,"w":0.8511448502540588},"size":11.900507926940918,"orthographic":true}