{"cameraMode":{"drawMode":0,"name":"Shaded","section":"Shading Mode"},"sceneLighting":true,"audioPlay":false,"sceneViewState":{"showFog":true,"showMaterialUpdate":false,"showSkybox":true,"showFlares":true,"showImageEffects":true,"showParticleSystems":true,"showVisualEffectGraphs":true,"m_FxEnabled":true},"in2DMode":false,"pivot":{"x":-289.44000244140627,"y":1.100084900856018,"z":40.59493637084961},"rotation":{"x":0.4516576826572418,"y":-0.029432866722345353,"z":0.014910119585692883,"w":0.8915810585021973},"size":3.1705524921417238,"orthographic":true}